wp_id,wp_name,task_id,task_name,requirements,optimistic,likely,pessimistic,status,actual_hours
WP-1,Upload artworks,T-1.1,Accepts .png and .procreate files into upload,FR-UPL-01,1,2,3,todo,
WP-1,Upload artworks,T-1.2,Make sure that any other file is not accepted,FR-UPL-01,2,3,4,todo,
WP-1,Upload artworks,T-1.3,2D 3D and both radio buttons for choosing gallery location,FR-UPL-03,1,2,3,todo,
WP-1,Upload artworks,T-1.4,Gives warning if it is duplicate file and asks them if they are sure they want to replace,NFR-DATA-01,1,2,3,todo,
WP-1,Upload artworks,T-1.5,If upload fails give them a failed upload message,NFR-DATA-02; NFR-REL-01,2,3,4,todo,
WP-2,Extract .procreate data,T-2.1,Understand how the .procreate file is structured,FR-EXT-04,2,3,4,todo,
WP-2,Extract .procreate data,T-2.2,Extract the canvas information,FR-EXT-04,3,4,5,todo,
WP-2,Extract .procreate data,T-2.3,Mark the non found fields as n/a,FR-GALL-02,2,3,4,todo,
WP-2,Extract .procreate data,T-2.4,Pair the canvas information .procreate file with the artwork,FR-EXT-05,3,4,5,todo,
WP-3,Save artwork files into Database,T-3.1,Save the canvas information and artwork,FR-DATA-01,3,4,5,todo,
WP-3,Save artwork files into Database,T-3.2,Ensure that there are no more than 20 artworks,FR-DATA-02,1,2,3,todo,
WP-3,Save artwork files into Database,T-3.3,Ensure that what is being saved is not a duplicate file,FR-DATA-01,2,3,4,todo,
WP-3,Save artwork files into Database,T-3.4,Ensure that secrets are not being exposed,NFR-SEC-01,1,2,3,todo,
WP-4,Make 3D gallery,T-4.1,Display the artworks that were chosen to be in the 3D gallery,FR-UPL-03; NFR-SEC-02,2,3,4,todo,
WP-4,Make 3D gallery,T-4.2,Make sure that everything renders correctly by measuring performance and availability,NFR-PERF-01; NFR-PERF-02; NFR-AVA-02,1,2,3,todo,
WP-4,Make 3D gallery,T-4.3,SPIKE: Clicking on artwork shows canvas information with artwork overlay and clicking out closes it all,FR-TDG-01,1,2,3,todo,
WP-4,Make 3D gallery,T-4.4,SPIKE: Zoom in and out in 3D gallery,FR-TDG-02,1,2,3,todo,
WP-5,Make 2D overview with contact section,T-5.1,Display the artworks that were chosen to be in the 2D gallery,FR-UPL-03; NFR-SEC-02; FR-GALL-02; NFR-AVA-02,2,3,4,todo,
WP-5,Make 2D overview with contact section,T-5.2,Ensure that there is no overlapping text and images,NFR-USE-02,1,2,3,todo,
WP-5,Make 2D overview with contact section,T-5.3,Add contact component,FR-GALL-03,1,2,3,todo,
WP-5,Make 2D overview with contact section,T-5.4,Ensure that the overview is accessible,NFR-ACC-01; NFR-ACC-02; NFR-ACC-03,1,2,3,todo,
WP-6,Delete Artworks,T-6.1,Delete artwork and canvas information all at once,FR-UPL-02,3,4,5,todo,
WP-6,Delete Artworks,T-6.2,If delete fails/they cancel the delete make sure that there is a message and nothing is deleted,FR-UPL-02; NFR-REL-01,1,2,3,todo,
WP-6,Delete Artworks,T-6.3,Make sure that it is still deleted even after reloading,NFR-PRIV-01,1,2,3,todo,
WP-6,Delete Artworks,T-6.4,Ensure that the artist can still upload another artwork and canvas information after deleting if they were at their maximum artworks,FR-DATA-02,1,2,3,todo,
WP-7,Maintainability and Deployment,T-7.1,Clean Clone Check,NFR-MNT-01,2,3,4,todo,
WP-7,Maintainability and Deployment,T-7.2,Deploy the art galleries,NFR-MNT-01,1,2,3,todo,